<?xml version="1.0" encoding="UTF-8"?>
<jcr:root xmlns:sling="http://sling.apache.org/jcr/sling/1.0" xmlns:cq="http://www.day.com/jcr/cq/1.0" xmlns:jcr="http://www.jcp.org/jcr/1.0" xmlns:nt="http://www.jcp.org/jcr/nt/1.0"
    jcr:primaryType="cq:Page">
    <jcr:content
        cq:contextHubPath="/etc/cloudsettings/default/contexthub"
        cq:contextHubSegmentsPath="/etc/segmentation/contexthub"
        cq:lastModified="{Date}2017-02-26T22:24:28.797-05:00"
        cq:lastModifiedBy="admin"
        cq:template="/conf/we-mix/settings/wcm/templates/home-page"
        jcr:primaryType="cq:PageContent"
        jcr:title="Drinks"
        sling:resourceType="we-mix/components/structure/page">
        <root
            jcr:primaryType="nt:unstructured"
            sling:resourceType="wcm/foundation/components/responsivegrid">
            <responsivegrid
                jcr:created="{Date}2016-12-08T10:14:12.991-05:00"
                jcr:createdBy="admin"
                jcr:lastModified="{Date}2016-12-08T10:14:12.991-05:00"
                jcr:lastModifiedBy="admin"
                jcr:primaryType="nt:unstructured"
                sling:resourceType="wcm/foundation/components/responsivegrid">
                <cq:responsive jcr:primaryType="nt:unstructured"/>
                <drinkslist
                    jcr:created="{Date}2017-02-23T11:53:52.907-05:00"
                    jcr:createdBy="admin"
                    jcr:lastModified="{Date}2017-02-23T11:55:57.619-05:00"
                    jcr:lastModifiedBy="admin"
                    jcr:primaryType="nt:unstructured"
                    sling:resourceType="we-mix/components/content/drinkslist"
                    childDepth="1"
                    linkItems="false"
                    listFrom="static"
                    pages="[/content/we-mix/en/drinks/drinks/blue-hawaiian,/content/we-mix/en/drinks/drinks/daiquiri,/content/we-mix/en/drinks/drinks/dark-n-stormy,/content/we-mix/en/drinks/drinks/mojito]"
                    showDescription="false"
                    showModificationDate="false"
                    sortOrder="asc"
                    tagsMatch="any"/>
            </responsivegrid>
            <heroimage
                jcr:lastModified="{Date}2017-02-26T22:24:28.794-05:00"
                jcr:lastModifiedBy="admin"
                jcr:primaryType="nt:unstructured"
                sling:resourceType="we-mix/components/content/heroimage"
                fileReference="/content/dam/we-mix/corporate/AdobeStock_128822225.jpg"
                useFullWidth="true"/>
        </root>
        <image jcr:primaryType="nt:unstructured">
            <file/>
        </image>
    </jcr:content>
    <drinks/>
    <collections/>
    <learn/>
</jcr:root>
