<?xml version="1.0" encoding="UTF-8"?>
<jcr:root xmlns:sling="http://sling.apache.org/jcr/sling/1.0" xmlns:cq="http://www.day.com/jcr/cq/1.0" xmlns:jcr="http://www.jcp.org/jcr/1.0" xmlns:nt="http://www.jcp.org/jcr/nt/1.0"
    jcr:primaryType="cq:Page">
    <jcr:content
        cq:lastModified="{Date}2017-02-27T23:25:41.880-05:00"
        cq:lastModifiedBy="admin"
        cq:template="/conf/we-mix/settings/mobileapps/models/ingredient-list-group"
        cq:templateType="/libs/settings/mobileapps/model-types/group"
        jcr:primaryType="cq:PageContent"
        jcr:title="ingredients"
        sling:resourceSuperType="mobileapps/caas/components/data/entity"
        sling:resourceType="mobileapps/caas/components/data/entity/group">
        <image jcr:primaryType="nt:unstructured"/>
    </jcr:content>
    <vodka/>
    <gin/>
    <rum/>
    <tequila/>
    <triple-sec/>
    <lemon-juice/>
    <cola/>
</jcr:root>
