<?xml version="1.0" encoding="UTF-8"?>
<jcr:root xmlns:sling="http://sling.apache.org/jcr/sling/1.0" xmlns:cq="http://www.day.com/jcr/cq/1.0" xmlns:jcr="http://www.jcp.org/jcr/1.0" xmlns:nt="http://www.jcp.org/jcr/nt/1.0"
    jcr:primaryType="cq:Page">
    <jcr:content
        cq:lastModified="{Date}2017-02-27T21:35:48.478-08:00"
        cq:lastModifiedBy="admin"
        cq:targetPath="/content/entities"
        jcr:primaryType="cq:PageContent"
        sling:resourceType="wcm/scaffolding/components/scaffolding"
        dataTypesConfig="/mnt/overlay/settings/mobileapps/models/formbuilderconfig/datatypes">
        <cq:dialog
            jcr:primaryType="nt:unstructured"
            sling:resourceType="cq/gui/components/authoring/dialog">
            <content
                jcr:primaryType="nt:unstructured"
                sling:resourceType="granite/ui/components/coral/foundation/fixedcolumns"
                margin="{Boolean}true"
                maximized="{Boolean}true">
                <items jcr:primaryType="nt:unstructured">
                    <col1
                        jcr:primaryType="nt:unstructured"
                        sling:resourceType="granite/ui/components/coral/foundation/container">
                        <items jcr:primaryType="nt:unstructured">
                            <_x0031_486654916060
                                jcr:primaryType="nt:unstructured"
                                sling:resourceType="mobileapps/caas/components/form/contentreference/multifield"
                                fieldDescription="Select drinks that are in the collection"
                                fieldLabel="Drink Recipes"
                                filter="hierarchy"
                                metaType="reference"
                                name="drinkRecipes/contentReference"
                                namePrefix="drinkRecipes"
                                nameSuffix="contentReference"
                                renderReadOnly="false"
                                rootPath="/content/entities/drinks/recipes"
                                showEmptyInReadOnly="true"
                                typeHint="String[]">
                                <field
                                    jcr:primaryType="nt:unstructured"
                                    sling:resourceType="mobileapps/caas/components/form/contentreference"
                                    filter="hierarchy"
                                    name="drinkRecipes/contentReference"
                                    renderReadOnly="true"
                                    rootPath="/content/entities/drinks/recipes"/>
                            </_x0031_486654916060>
                        </items>
                    </col1>
                    <col2
                        jcr:primaryType="nt:unstructured"
                        sling:resourceType="granite/ui/components/coral/foundation/container"/>
                    <col3
                        jcr:primaryType="nt:unstructured"
                        sling:resourceType="granite/ui/components/coral/foundation/container"/>
                </items>
            </content>
        </cq:dialog>
    </jcr:content>
</jcr:root>
