<?xml version="1.0" encoding="UTF-8"?>
<jcr:root xmlns:sling="http://sling.apache.org/jcr/sling/1.0" xmlns:cq="http://www.day.com/jcr/cq/1.0" xmlns:jcr="http://www.jcp.org/jcr/1.0" xmlns:nt="http://www.jcp.org/jcr/nt/1.0" xmlns:rep="internal"
    jcr:mixinTypes="[rep:AccessControllable]"
    jcr:primaryType="cq:Page">
    <wcm jcr:primaryType="nt:unstructured">
        <foundation jcr:primaryType="nt:unstructured">
            <components jcr:primaryType="nt:unstructured">
                <responsivegrid jcr:primaryType="nt:unstructured">
                    <we-mix-default
                        jcr:description="Policy for We.Mix template structures layout containers"
                        jcr:lastModified="{Date}2017-01-11T20:43:07.453-05:00"
                        jcr:lastModifiedBy="admin"
                        jcr:primaryType="nt:unstructured"
                        jcr:title="We.Mix Default"
                        sling:resourceType="wcm/core/components/policy/policy"
                        components="[/libs/wcm/foundation/components/image,/libs/wcm/foundation/components/responsivegrid,/libs/wcm/foundation/components/list,/libs/wcm/foundation/components/textimage,/libs/wcm/foundation/components/title,/apps/core/wcm/components/sharing,group:We.Mix]"
                        policyResourceType="wcm/foundation/components/responsivegrid">
                        <cq:authoring jcr:primaryType="nt:unstructured">
                            <assetToComponentMapping jcr:primaryType="nt:unstructured">
                                <image
                                    jcr:primaryType="nt:unstructured"
                                    assetGroup="media"
                                    assetMimetype="image/*"
                                    droptarget="image"
                                    resourceType="wcm/foundation/components/image"/>
                                <flash
                                    jcr:primaryType="nt:unstructured"
                                    assetGroup="media"
                                    assetMimetype="application/x-shockwave-flash"
                                    droptarget="flash"
                                    resourceType="foundation/components/flash"/>
                                <document
                                    jcr:primaryType="nt:unstructured"
                                    assetGroup="media"
                                    assetMimetype="[application/vnd.openxmlformats,application/msword,application/vnd.ms-powerpoint,application/mspowerpoint,application/powerpoint,application/x-mspowerpoint,application/x-msexcel,application/x-excel,application/excel,application/vnd.ms-excel,application/pdf,application/vnd.openxmlformats-officedocument.wordprocessingml.document]"
                                    droptarget="file"
                                    resourceType="foundation/components/download"/>
                                <video
                                    jcr:primaryType="nt:unstructured"
                                    assetGroup="media"
                                    assetMimetype="video/*"
                                    droptarget="video"
                                    resourceType="foundation/components/video"/>
                                <fragment
                                    jcr:primaryType="nt:unstructured"
                                    assetGroup="media"
                                    assetMimetype="text/html"
                                    droptarget="fragment"
                                    resourceType="dam/cfm/components/contentfragment"/>
                                <experiencefragment
                                    jcr:primaryType="nt:unstructured"
                                    assetGroup="media"
                                    assetMimetype="text/html"
                                    droptarget="experiencefragment"
                                    resourceType="cq/experience-fragments/editor/components/experiencefragment"/>
                            </assetToComponentMapping>
                        </cq:authoring>
                        <jcr:content
                            jcr:primaryType="nt:unstructured"
                            mergeList="{Boolean}true"/>
                    </we-mix-default>
                    <we-mix-structure
                        jcr:description="Policy for editable layout containers"
                        jcr:primaryType="nt:unstructured"
                        jcr:title="We.Mix Structure"
                        sling:resourceType="wcm/core/components/policy/policy"
                        components="[group:we.mix.structure,/libs/wcm/foundation/components/responsivegrid,/apps/core/wcm/components/sharing]"
                        policyResourceType="wcm/foundation/components/responsivegrid"/>
                    <we-retail-content
                        jcr:description=""
                        jcr:lastModified="{Date}2016-09-20T23:11:29.221+02:00"
                        jcr:lastModifiedBy="admin"
                        jcr:primaryType="nt:unstructured"
                        jcr:title="We.Mix Content"
                        sling:resourceType="wcm/core/components/policy/policy"
                        components="[group:Form,/apps/we-mix/components/content/text,/apps/we-mix/components/content/title,/apps/weretail/components/content/breadcrumb]">
                        <jcr:content
                            jcr:primaryType="nt:unstructured"
                            mergeList="{Boolean}true"/>
                    </we-retail-content>
                    <policy_1484356194259
                        jcr:description="Policy for We.Mix Recipe template structure"
                        jcr:lastModified="{Date}2017-01-13T20:11:07.141-05:00"
                        jcr:lastModifiedBy="admin"
                        jcr:primaryType="nt:unstructured"
                        jcr:title="We Mix Recipe"
                        sling:resourceType="wcm/core/components/policy/policy"
                        components="[/libs/wcm/foundation/components/title,/apps/we-mix/components/content/drinkrecipe,group:we.mix.structure]">
                        <jcr:content jcr:primaryType="nt:unstructured"/>
                    </policy_1484356194259>
                </responsivegrid>
            </components>
        </foundation>
    </wcm>
    <we-mix jcr:primaryType="nt:unstructured">
        <components jcr:primaryType="nt:unstructured">
            <structure jcr:primaryType="nt:unstructured">
                <page jcr:primaryType="nt:unstructured"/>
            </structure>
            <content jcr:primaryType="nt:unstructured">
                <heroimage jcr:primaryType="nt:unstructured"/>
                <contentfragment
                    jcr:primaryType="nt:unstructured"
                    jcr:title="We.Mix Content Fragment policy"
                    sling:resourceType="wcm/core/components/policy/policy">
                    <default
                        jcr:lastModified="{Date}2016-10-25T17:12:03.197+02:00"
                        jcr:lastModifiedBy="admin"
                        jcr:primaryType="nt:unstructured"
                        jcr:title="We.Mix Content Fragment policy - Default"
                        sling:resourceType="wcm/core/components/policy/policy"
                        cfm-grid-type="dam/cfm/components/grid"
                        mmf-image-type="dam/cfm/components/mmimage">
                        <jcr:content
                            cq:lastReplicated="{Date}2017-01-10T10:47:14.800-05:00"
                            cq:lastReplicatedBy="admin"
                            cq:lastReplicationAction="Activate"
                            jcr:mixinTypes="[cq:ReplicationStatus]"
                            jcr:primaryType="nt:unstructured"
                            mergeList="{Boolean}true"/>
                    </default>
                </contentfragment>
            </content>
        </components>
    </we-mix>
    <core
        jcr:primaryType="nt:unstructured"
        sling:resourceType="nt:unstructured">
        <wcm
            jcr:primaryType="nt:unstructured"
            sling:resourceType="nt:unstructured">
            <components
                jcr:primaryType="nt:unstructured"
                sling:resourceType="nt:unstructured">
                <title
                    jcr:primaryType="nt:unstructured"
                    sling:resourceType="nt:unstructured">
                    <policy_1475741491582
                        jcr:description=""
                        jcr:lastModified="{Date}2016-10-06T10:11:49.934+02:00"
                        jcr:lastModifiedBy="admin"
                        jcr:primaryType="nt:unstructured"
                        jcr:title="title"
                        sling:resourceType="wcm/core/components/policy/policy"
                        defaultType="h2">
                        <jcr:content
                            jcr:primaryType="nt:unstructured"
                            mergeList="{Boolean}true"/>
                    </policy_1475741491582>
                </title>
            </components>
        </wcm>
    </core>
</jcr:root>
