<?xml version="1.0" encoding="UTF-8"?>
<jcr:root xmlns:sling="http://sling.apache.org/jcr/sling/1.0" xmlns:cq="http://www.day.com/jcr/cq/1.0" xmlns:jcr="http://www.jcp.org/jcr/1.0" xmlns:nt="http://www.jcp.org/jcr/nt/1.0"
    jcr:primaryType="cq:Page">
    <jcr:content
        cq:lastModified="{Date}2017-02-23T14:51:48.085-05:00"
        cq:lastModifiedBy="admin"
        cq:targetPath="/content/entities"
        jcr:primaryType="cq:PageContent"
        sling:resourceType="wcm/scaffolding/components/scaffolding"
        dataTypesConfig="/mnt/overlay/settings/mobileapps/models/formbuilderconfig/datatypes">
        <cq:dialog
            jcr:primaryType="nt:unstructured"
            sling:resourceType="cq/gui/components/authoring/dialog">
            <content
                jcr:primaryType="nt:unstructured"
                sling:resourceType="granite/ui/components/coral/foundation/fixedcolumns"
                margin="{Boolean}true"
                maximized="{Boolean}true">
                <items jcr:primaryType="nt:unstructured">
                    <col1
                        jcr:primaryType="nt:unstructured"
                        sling:resourceType="granite/ui/components/coral/foundation/container">
                        <items jcr:primaryType="nt:unstructured">
                            <_x0031_487874028329
                                jcr:primaryType="nt:unstructured"
                                sling:resourceType="granite/ui/components/coral/foundation/form/checkbox"
                                checked="{Boolean}true"
                                fieldDescription="Does this recipe contain alcohol?"
                                metaType="boolean"
                                name="alcoholic"
                                renderReadOnly="false"
                                showEmptyInReadOnly="true"
                                text="Alcoholic"
                                uncheckedValue="false"
                                value="true"/>
                            <_x0031_484506720845
                                jcr:primaryType="nt:unstructured"
                                sling:resourceType="granite/ui/components/coral/foundation/form/numberfield"
                                fieldDescription="The rating between 1 and 5"
                                fieldLabel="Rating"
                                max="5"
                                metaType="number"
                                min="1"
                                name="rating"
                                renderReadOnly="false"
                                required="true"
                                showEmptyInReadOnly="true"
                                step="1"
                                typeHint="Long"
                                value="3"/>
                            <_x0031_484506782010
                                jcr:primaryType="nt:unstructured"
                                sling:resourceType="granite/ui/components/coral/foundation/form/multifield"
                                fieldDescription="The instructions for making the cocktail"
                                fieldLabel="Instructions"
                                maxlength="500"
                                metaType="string"
                                name="instructions"
                                renderReadOnly="false"
                                required="true"
                                showEmptyInReadOnly="true"
                                typeHint="String[]">
                                <field
                                    jcr:primaryType="nt:unstructured"
                                    sling:resourceType="granite/ui/components/coral/foundation/form/textfield"
                                    maxlength="105"
                                    name="instructions"
                                    renderReadOnly="true"/>
                            </_x0031_484506782010>
                        </items>
                    </col1>
                    <col2
                        jcr:primaryType="nt:unstructured"
                        sling:resourceType="granite/ui/components/coral/foundation/container"/>
                    <col3
                        jcr:primaryType="nt:unstructured"
                        sling:resourceType="granite/ui/components/coral/foundation/container"/>
                </items>
            </content>
        </cq:dialog>
    </jcr:content>
</jcr:root>
