<?xml version="1.0" encoding="UTF-8"?>
<jcr:root xmlns:sling="http://sling.apache.org/jcr/sling/1.0" xmlns:cq="http://www.day.com/jcr/cq/1.0" xmlns:jcr="http://www.jcp.org/jcr/1.0" xmlns:nt="http://www.jcp.org/jcr/nt/1.0"
    jcr:primaryType="cq:Page">
    <jcr:content
        cq:contextHubPath="/etc/cloudsettings/default/contexthub"
        cq:contextHubSegmentsPath="/etc/segmentation/contexthub"
        cq:lastModified="{Date}2017-02-26T12:07:44.701-05:00"
        cq:lastModifiedBy="admin"
        cq:template="/conf/we-mix/settings/wcm/templates/home-page"
        jcr:primaryType="cq:PageContent"
        jcr:title="Welcome to We.Mix"
        sling:resourceType="we-mix/components/structure/page">
        <root
            jcr:primaryType="nt:unstructured"
            sling:resourceType="wcm/foundation/components/responsivegrid">
            <responsivegrid
                jcr:created="{Date}2016-12-08T10:14:12.991-05:00"
                jcr:createdBy="admin"
                jcr:lastModified="{Date}2016-12-08T10:14:12.991-05:00"
                jcr:lastModifiedBy="admin"
                jcr:primaryType="nt:unstructured"
                sling:resourceType="wcm/foundation/components/responsivegrid">
                <cq:responsive jcr:primaryType="nt:unstructured"/>
            </responsivegrid>
            <heroimage
                jcr:lastModified="{Date}2017-02-26T12:07:44.695-05:00"
                jcr:lastModifiedBy="admin"
                jcr:primaryType="nt:unstructured"
                sling:resourceType="we-mix/components/content/heroimage"
                fileReference="/content/dam/we-mix/corporate/bartop-header.jpg"
                useFullWidth="true"/>
        </root>
        <image jcr:primaryType="nt:unstructured">
            <file/>
        </image>
    </jcr:content>
    <news/>
    <products/>
    <drinks/>
</jcr:root>
