<?xml version="1.0" encoding="UTF-8"?>
<jcr:root xmlns:sling="http://sling.apache.org/jcr/sling/1.0" xmlns:cq="http://www.day.com/jcr/cq/1.0" xmlns:jcr="http://www.jcp.org/jcr/1.0"
    jcr:primaryType="cq:Page">
    <jcr:content
        cq:lastModified="{Date}2017-02-21T23:52:04.258-05:00"
        cq:lastModifiedBy="admin"
        cq:template="/conf/we-mix/settings/mobileapps/models/drink-recipe-group"
        cq:templateType="/libs/settings/mobileapps/model-types/group"
        jcr:description="Recipes for making great cocktails"
        jcr:primaryType="cq:PageContent"
        jcr:title="Drink Recipes"
        sling:resourceSuperType="mobileapps/caas/components/data/entity"
        sling:resourceType="mobileapps/caas/components/data/entity/group">
        <image
            jcr:primaryType="nt:unstructured"
            sling:resourceType="foundation/components/image"
            fileReference="/content/dam/we-mix/object-thumbnails/AdobeStock_1164927701.jpg"
            imageRotate="0"/>
    </jcr:content>
    <shirley-temple/>
    <strawberry-lemonade/>
    <tequila-sunrise/>
    <old-fashioned/>
    <mojito/>
    <mint-julep/>
    <martini/>
    <manhattan/>
    <mai-tai/>
    <long-island-iced-tea/>
    <dark-n-stormy/>
    <daiquiri/>
    <cosmopolitan/>
    <blue-hawaiian/>
</jcr:root>
