<?xml version="1.0" encoding="UTF-8"?>
<jcr:root xmlns:sling="http://sling.apache.org/jcr/sling/1.0" xmlns:cq="http://www.day.com/jcr/cq/1.0" xmlns:jcr="http://www.jcp.org/jcr/1.0" xmlns:nt="http://www.jcp.org/jcr/nt/1.0"
    jcr:primaryType="cq:Page">
    <pucker-up/>
    <three-mocktails/>
    <vintage-spirits/>
    <jcr:content
        cq:contextHubPath="/etc/cloudsettings/default/contexthub"
        cq:contextHubSegmentsPath="/etc/segmentation/contexthub"
        cq:lastModified="{Date}2017-02-26T12:10:52.782-05:00"
        cq:lastModifiedBy="admin"
        cq:template="/conf/we-mix/settings/wcm/templates/news-page"
        jcr:primaryType="cq:PageContent"
        jcr:title="News"
        sling:resourceType="we-mix/components/structure/page">
        <root
            jcr:primaryType="nt:unstructured"
            sling:resourceType="wcm/foundation/components/responsivegrid">
            <responsivegrid
                jcr:created="{Date}2016-12-08T10:14:12.991-05:00"
                jcr:createdBy="admin"
                jcr:lastModified="{Date}2016-12-08T10:14:12.991-05:00"
                jcr:lastModifiedBy="admin"
                jcr:primaryType="nt:unstructured"
                sling:resourceType="wcm/foundation/components/responsivegrid">
                <cq:responsive jcr:primaryType="nt:unstructured"/>
                <articleslist
                    jcr:created="{Date}2017-01-10T18:55:16.282-05:00"
                    jcr:createdBy="admin"
                    jcr:lastModified="{Date}2017-01-10T19:05:22.101-05:00"
                    jcr:lastModifiedBy="admin"
                    jcr:primaryType="nt:unstructured"
                    sling:resourceType="we-mix/components/content/articleslist"
                    childDepth="2"
                    displayAs="default"
                    linkItems="false"
                    listFrom="children"
                    parentPage="/content/we-mix/en/news"
                    showDescription="false"
                    showModificationDate="false"
                    sortOrder="asc"
                    tagsMatch="any"/>
            </responsivegrid>
            <heroimage
                jcr:lastModified="{Date}2017-02-26T12:08:27.993-05:00"
                jcr:lastModifiedBy="admin"
                jcr:primaryType="nt:unstructured"
                sling:resourceType="we-mix/components/content/heroimage"
                fileReference="/content/dam/we-mix/corporate/AdobeStock_88109950.jpg"
                useFullWidth="true"/>
        </root>
        <image jcr:primaryType="nt:unstructured">
            <file/>
        </image>
    </jcr:content>
    <the-way-of-the-mixologist/>
</jcr:root>
